SolverName,InstanceName,TerminationStatus,PrimalStatus,ObjBound,ObjValue,SolveTime,SolveTimeRaw,CompletedSolveTime,Error,RelativeGap,AbsoluteGap,SolvedInTime
EAGO,01_gelu_3_3_3,OPTIMAL,FEASIBLE_POINT,0.21466406662662454,0.2147712441854319,37.550999879837036,72.90400004386902,37.550999879837036,false,0.0004992803895482266,0.00010717755880734758,true
EAGO,01_sigmoid_3_3_3,OPTIMAL,FEASIBLE_POINT,1.4066585805016265,1.406776571036723,0.36500000953674316,0.3680000305175781,0.36500000953674316,false,8.38800095005701e-5,0.0001179905350965349,true
EAGO,01_silu_3_3_3,OPTIMAL,FEASIBLE_POINT,-0.001959514250746345,-0.0018593427393534085,2.7340002059936523,2.7350001335144043,2.7340002059936523,false,0.053874688766510796,0.00010017151139293649,true
EAGO,01_softplus_3_3_3,OPTIMAL,FEASIBLE_POINT,2.1070907790276547,2.107293587043928,1.2009999752044678,1.2039999961853027,1.2009999752044678,false,9.625025095826567e-5,0.00020280801627325928,true
EAGO,02_gelu_3_1_2,OPTIMAL,FEASIBLE_POINT,0.020464583751652405,0.020598760740026603,0.11500000953674316,0.11599993705749512,0.11500000953674316,false,0.0065565461776550486,0.0001341769883741982,true
EAGO,02_sigmoid_3_1_2,OPTIMAL,FEASIBLE_POINT,0.9289774006122937,0.9291296867410613,0.26399993896484375,0.2650001049041748,0.26399993896484375,false,0.00016392877659589632,0.00015228612876760916,true
EAGO,02_silu_3_1_2,OPTIMAL,FEASIBLE_POINT,0.012439511688382043,0.013361632727111923,0.0989999771118164,0.09999990463256836,0.0989999771118164,false,0.07412839521595535,0.0009221210387298801,true
EAGO,02_softplus_3_1_2,OPTIMAL,FEASIBLE_POINT,1.3834925935960545,1.383609647800424,0.13699984550476074,0.13899993896484375,0.13699984550476074,false,8.46077564212527e-5,0.00011705420436958214,true
EAGO,03_gelu_4_2_5,TIME_LIMIT,UNKNOWN_RESULT_STATUS,0.28316544746684424,0.2836241706715895,100.00999999046326,100.01100015640259,100.0,false,0.001619982977615877,0.0004587232047452705,false
EAGO,03_sigmoid_4_2_5,OPTIMAL,FEASIBLE_POINT,2.200838287278353,2.2010418837730428,0.3380000591278076,0.33899998664855957,0.3380000591278076,false,9.250861177145866e-5,0.00020359649468959518,true
EAGO,03_silu_4_2_5,OPTIMAL,FEASIBLE_POINT,-0.0035784849035639457,-0.003477285211606684,17.680999994277954,17.682999849319458,17.680999994277954,false,0.02910307489862247,0.00010119969195726162,true
EAGO,03_softplus_4_2_5,OPTIMAL,FEASIBLE_POINT,3.3910687230176704,3.3913487330110668,2.25,2.250999927520752,2.25,false,8.25727864185581e-5,0.00028000999339639066,true
EAGO,04_gelu_4_3_2,OPTIMAL,FEASIBLE_POINT,-0.02301497331523695,-0.02289089987169774,0.7409999370574951,0.7419998645782471,0.7409999370574951,false,0.00542020821525727,0.00012407344353920768,true
EAGO,04_sigmoid_4_3_2,OPTIMAL,FEASIBLE_POINT,1.0748978607662287,1.075010749007904,0.14800000190734863,0.1490001678466797,0.14800000190734863,false,0.00010502229634613093,0.00011288824167521305,true
EAGO,04_silu_4_3_2,OPTIMAL,FEASIBLE_POINT,0.005576601142999328,0.005680444707609553,0.39100003242492676,0.39300012588500977,0.39100003242492676,false,0.018621300313110375,0.00010384356461022506,true
EAGO,04_softplus_4_3_2,OPTIMAL,FEASIBLE_POINT,1.583360557783022,1.5835680520323179,0.16099977493286133,0.16199994087219238,0.16099977493286133,false,0.00013104674628646094,0.00020749424929578097,true
EAGO,05_gelu_2_4_2,OPTIMAL,FEASIBLE_POINT,0.5592942457815357,0.559474048677125,14.032999992370605,14.033999919891357,14.032999992370605,false,0.00032148175481052304,0.0001798028955892761,true
EAGO,05_sigmoid_2_4_2,OPTIMAL,FEASIBLE_POINT,1.038106175670227,1.0381338082144487,0.05299997329711914,0.054000139236450195,0.05299997329711914,false,2.6618225446763317e-5,2.7632544221667388e-5,true
EAGO,05_silu_2_4_2,OPTIMAL,FEASIBLE_POINT,0.5446054068432339,0.5449580283563575,0.29199981689453125,0.2929999828338623,0.29199981689453125,false,0.0006474807423738177,0.0003526215131236521,true
EAGO,05_softplus_2_4_2,OPTIMAL,FEASIBLE_POINT,1.4591501783488527,1.4592944448384364,0.08899998664855957,0.08999991416931152,0.08899998664855957,false,9.88702134463669e-5,0.0001442664895836554,true
EAGO,06_gelu_5_3_3,TIME_LIMIT,UNKNOWN_RESULT_STATUS,0.005171008189950072,0.05835173733384918,100.04399991035461,100.04500007629395,100.0,false,10.284402420258512,0.053180729143899104,false
EAGO,06_sigmoid_5_3_3,OPTIMAL,FEASIBLE_POINT,1.6247228978238748,1.6248780309549091,0.19300007820129395,0.1940000057220459,0.19300007820129395,false,9.548282432783252e-5,0.00015513313103432402,true
EAGO,06_silu_5_3_3,OPTIMAL,FEASIBLE_POINT,-0.276553358978136,-0.2764529817072766,61.75099992752075,61.753000020980835,61.75099992752075,false,0.0003630898471034044,0.00010037727085937531,true
EAGO,06_softplus_5_3_3,OPTIMAL,FEASIBLE_POINT,1.0603702725131299,1.0605524347065352,0.2990000247955322,0.30099987983703613,0.2990000247955322,false,0.00017179111686481375,0.0001821621934052775,true
EAGO,07_gelu_4_1_5,OPTIMAL,FEASIBLE_POINT,-0.7734699960103669,-0.7733544943007145,0.755000114440918,0.7560000419616699,0.755000114440918,false,0.00014935157227851265,0.00011550170965246576,true
EAGO,07_sigmoid_4_1_5,OPTIMAL,FEASIBLE_POINT,1.2915121479617118,1.2916284287467463,0.18799996376037598,0.19000005722045898,0.18799996376037598,false,9.003460417935517e-5,0.00011628078503456152,true
EAGO,07_silu_4_1_5,OPTIMAL,FEASIBLE_POINT,-1.1979131023053537,-1.1978085034528434,0.377000093460083,0.3789999485015869,0.377000093460083,false,8.732518779824254e-5,0.00010459885251035139,true
EAGO,07_softplus_4_1_5,OPTIMAL,FEASIBLE_POINT,1.634772231115446,1.63489554152918,0.252000093460083,0.25300002098083496,0.252000093460083,false,7.54297212705808e-5,0.0001233104137339236,true
EAGO,08_gelu_3_1_4,OPTIMAL,FEASIBLE_POINT,0.36741201696215897,0.36762153866251196,0.624000072479248,0.625999927520752,0.624000072479248,false,0.0005702636023866565,0.00020952170035298812,true
EAGO,08_sigmoid_3_1_4,OPTIMAL,FEASIBLE_POINT,1.9067007256739366,1.9068694167102163,0.1380000114440918,0.1400001049041748,0.1380000114440918,false,8.847273932833642e-5,0.00016869103627970006,true
EAGO,08_silu_3_1_4,OPTIMAL,FEASIBLE_POINT,0.26328135015849663,0.26339807028839335,0.36100006103515625,0.3619999885559082,0.36100006103515625,false,0.000443328514634451,0.0001167201298967191,true
EAGO,08_softplus_3_1_4,OPTIMAL,FEASIBLE_POINT,2.899644361206385,2.900024977736709,0.15199995040893555,0.1529998779296875,0.15199995040893555,false,0.00013126317675923462,0.0003806165303239517,true
EAGO,09_gelu_4_1_4,OPTIMAL,FEASIBLE_POINT,-0.6769675049742395,-0.6768557348525903,0.7299997806549072,0.7309999465942383,0.7299997806549072,false,0.00016513138013603994,0.00011177012164920175,true
EAGO,09_sigmoid_4_1_4,OPTIMAL,FEASIBLE_POINT,1.14460065396455,1.144723627454933,0.19000005722045898,0.19099998474121094,0.19000005722045898,false,0.00010743789981003966,0.0001229734903831492,true
EAGO,09_silu_4_1_4,OPTIMAL,FEASIBLE_POINT,-1.0384788356150085,-1.0383241313999494,0.2799999713897705,0.28099989891052246,0.2799999713897705,false,0.0001489941439101087,0.00015470421505914267,true
EAGO,09_softplus_4_1_4,OPTIMAL,FEASIBLE_POINT,1.350937244944527,1.3510770964028904,0.23099994659423828,0.23199987411499023,0.23099994659423828,false,0.00010352180227973885,0.00013985145836348245,true
EAGO,100_gelu_3_4_2,TIME_LIMIT,UNKNOWN_RESULT_STATUS,0.3413112446002597,0.34250977396031923,100.00399994850159,100.00599980354309,100.0,false,0.0035115437273777693,0.0011985293600595415,false
EAGO,100_sigmoid_3_4_2,OPTIMAL,FEASIBLE_POINT,1.2660917632872941,1.2662029825973888,0.07599997520446777,0.07700014114379883,0.07599997520446777,false,8.784458861492978e-5,0.00011121931009472341,true
EAGO,100_silu_3_4_2,OPTIMAL,FEASIBLE_POINT,0.30918347395410417,0.30928349068242894,25.10800004005432,25.110000133514404,25.10800004005432,false,0.0003234866567920659,0.00010001672832476993,true
EAGO,100_softplus_3_4_2,OPTIMAL,FEASIBLE_POINT,2.066699571440704,2.0668991771804985,2.0789999961853027,2.080000162124634,2.0789999961853027,false,9.658188473686098e-5,0.00019960573979460605,true
EAGO,10_gelu_5_3_5,TIME_LIMIT,UNKNOWN_RESULT_STATUS,0.42547795524816506,2.2033842356618143,100.0550000667572,100.05599999427795,100.0,false,4.17860962826303,1.7779062804136492,false
EAGO,10_sigmoid_5_3_5,OPTIMAL,FEASIBLE_POINT,3.01927802724543,3.0195761500049674,18.973999977111816,18.975000143051147,18.973999977111816,false,9.873975064480607e-5,0.00029812275953755574,true
EAGO,10_silu_5_3_5,TIME_LIMIT,UNKNOWN_RESULT_STATUS,1.460263711322684,1.4775352944546305,100.00699996948242,100.00799989700317,100.0,false,0.011827715088737098,0.017271583131946544,false
EAGO,10_softplus_5_3_5,OPTIMAL,FEASIBLE_POINT,6.356567644696301,6.357183799903638,12.400999784469604,12.401999950408936,12.400999784469604,false,9.6932061731587e-5,0.0006161552073367105,true
EAGO,11_gelu_5_4_4,TIME_LIMIT,UNKNOWN_RESULT_STATUS,-0.6613320962131279,-0.35012233099959833,100.04500007629395,100.0460000038147,100.0,false,0.8888600859163326,0.3112097652135296,false
EAGO,11_sigmoid_5_4_4,OPTIMAL,FEASIBLE_POINT,1.581365795064473,1.5815239162982557,16.83299994468689,16.83400011062622,16.83299994468689,false,9.999029590508139e-5,0.00015812123378267096,true
EAGO,11_silu_5_4_4,OPTIMAL,FEASIBLE_POINT,-0.48287464002058345,-0.48277257773066967,24.72699999809265,24.728000164031982,24.72699999809265,false,0.00021140863135501512,0.00010206228991377353,true
EAGO,11_softplus_5_4_4,TIME_LIMIT,UNKNOWN_RESULT_STATUS,1.9572283740307275,1.9740466132661105,100.0019998550415,100.00300002098083,100.0,false,0.00859288545911864,0.01681823923538306,false
EAGO,12_gelu_5_3_5,TIME_LIMIT,UNKNOWN_RESULT_STATUS,-0.8502032797935631,-0.7751278258900026,100.00600004196167,100.00800013542175,100.0,false,0.09685557839103351,0.07507545390356052,false
EAGO,12_sigmoid_5_3_5,OPTIMAL,FEASIBLE_POINT,1.6315156415232417,1.6316718671977868,2.7249999046325684,2.7260000705718994,2.7249999046325684,false,9.575493520812242e-5,0.00015622567454509628,true
EAGO,12_silu_5_3_5,TIME_LIMIT,UNKNOWN_RESULT_STATUS,-1.1335009067768531,-1.1240409602452521,100.00099992752075,100.00200009346008,100.0,false,0.008416015844775743,0.009459946531600982,false
EAGO,12_softplus_5_3_5,TIME_LIMIT,UNKNOWN_RESULT_STATUS,1.9501101365974323,1.9623672528126017,100.00399994850159,100.00499987602234,100.0,false,0.006285345624917249,0.01225711621516945,false
EAGO,13_gelu_4_4_2,TIME_LIMIT,UNKNOWN_RESULT_STATUS,-0.06657036276110924,-0.06414352584002393,100.01099991798401,100.01199984550476,100.0,false,0.037834479619001896,0.002426836921085307,false
EAGO,13_sigmoid_4_4_2,OPTIMAL,FEASIBLE_POINT,0.9740142515283717,0.9741157856061152,0.042999982833862305,0.04400014877319336,0.042999982833862305,false,0.00010424290772354781,0.00010153407774349255,true
EAGO,13_silu_4_4_2,OPTIMAL,FEASIBLE_POINT,-0.1260125640411932,-0.12591162309801057,4.552999973297119,4.553999900817871,4.552999973297119,false,0.0008016808988639889,0.00010094094318263691,true
EAGO,13_softplus_4_4_2,INFEASIBLE,NO_SOLUTION,-Inf,Inf,0.0009999275207519531,0.0019998550415039062,100.0,false,NaN,Inf,true
EAGO,14_gelu_3_3_3,OPTIMAL,FEASIBLE_POINT,0.04439676857378463,0.0445075336661653,6.424999952316284,6.425999879837036,6.424999952316284,false,0.0024948908656851174,0.00011076509238067134,true
EAGO,14_sigmoid_3_3_3,OPTIMAL,FEASIBLE_POINT,1.3908224369647915,1.3909943802958806,0.08899998664855957,0.08999991416931152,0.08899998664855957,false,0.00012362709035985774,0.00017194333108916382,true
EAGO,14_silu_3_3_3,OPTIMAL,FEASIBLE_POINT,-0.12368884011437499,-0.12358703859182256,0.6659998893737793,0.6670000553131104,0.6659998893737793,false,0.0008237232942255032,0.00010180152255243047,true
EAGO,14_softplus_3_3_3,OPTIMAL,FEASIBLE_POINT,2.378098903798502,2.3789585182467152,0.13899993896484375,0.1399998664855957,0.13899993896484375,false,0.0003614712772628231,0.0008596144482133639,true
EAGO,15_gelu_5_2_2,OPTIMAL,FEASIBLE_POINT,-0.03246277497379391,-0.032362451921365186,2.6480000019073486,2.6500000953674316,2.6480000019073486,false,0.0030999830504961122,0.00010032305242872741,true
EAGO,15_sigmoid_5_2_2,OPTIMAL,FEASIBLE_POINT,1.1524298458014133,1.1525742698615553,0.09500002861022949,0.09599995613098145,0.09500002861022949,false,0.0001253213466036192,0.00014442406014203435,true
EAGO,15_silu_5_2_2,OPTIMAL,FEASIBLE_POINT,-0.14304859057155292,-0.14281217101646793,0.3680000305175781,0.36999988555908203,0.3680000305175781,false,0.0016554580285578846,0.00023641955508499346,true
EAGO,15_softplus_5_2_2,OPTIMAL,FEASIBLE_POINT,1.4200824357991142,1.420233036028844,0.14700007438659668,0.1490001678466797,0.14700007438659668,false,0.000106050343228874,0.00015060022972979148,true
EAGO,16_gelu_3_1_2,OPTIMAL,FEASIBLE_POINT,-0.21830852610041904,-0.21801488137174962,0.3300001621246338,0.33100008964538574,0.3300001621246338,false,0.001346902224388535,0.00029364472866941216,true
EAGO,16_sigmoid_3_1_2,OPTIMAL,FEASIBLE_POINT,0.8569437579109958,0.8571012989952694,0.1959998607635498,0.19700002670288086,0.1959998607635498,false,0.00018384063460328632,0.0001575410842736824,true
EAGO,16_silu_3_1_2,OPTIMAL,FEASIBLE_POINT,-0.2412055359114253,-0.2410778155956624,0.2999999523162842,0.30100011825561523,0.2999999523162842,false,0.0005297887549184509,0.0001277203157628859,true
EAGO,16_softplus_3_1_2,OPTIMAL,FEASIBLE_POINT,1.1243888716235444,1.1247233162141055,0.13499999046325684,0.13700008392333984,0.13499999046325684,false,0.00029744566048414646,0.00033444459056108933,true
EAGO,17_gelu_5_3_4,TIME_LIMIT,UNKNOWN_RESULT_STATUS,-0.598359158634066,-0.3248984617703007,100.02300000190735,100.0239999294281,100.0,false,0.8416804911101694,0.2734606968637653,false
EAGO,17_sigmoid_5_3_4,OPTIMAL,FEASIBLE_POINT,1.944122967569906,1.9443160316871433,16.73799991607666,16.739999771118164,16.73799991607666,false,9.930653588158016e-5,0.00019306411723718497,true
EAGO,17_silu_5_3_4,TIME_LIMIT,UNKNOWN_RESULT_STATUS,-0.5156569666290253,-0.42191121059840603,100.00200009346008,100.00300002098083,100.0,false,0.22219309104789503,0.09374575603061924,false
EAGO,17_softplus_5_3_4,OPTIMAL,FEASIBLE_POINT,2.7578664278772598,2.758141364192659,89.15900015830994,89.16000008583069,89.15900015830994,false,9.969167201861863e-5,0.00027493631539909913,true
EAGO,18_gelu_5_2_5,TIME_LIMIT,UNKNOWN_RESULT_STATUS,-0.05186555052239721,-0.040206348503015896,100.02800011634827,100.02900004386902,100.0,false,0.28998410583111656,0.011659202019381316,false
EAGO,18_sigmoid_5_2_5,OPTIMAL,FEASIBLE_POINT,2.192653767771289,2.1928498071921148,1.1710000038146973,1.1719999313354492,1.1710000038146973,false,8.940737644358734e-5,0.0001960394208255778,true
EAGO,18_silu_5_2_5,OPTIMAL,FEASIBLE_POINT,-0.36000532586121836,-0.3599052937750424,49.806999921798706,49.80800008773804,49.806999921798706,false,0.0002779400245179712,0.00010003208617598291,true
EAGO,18_softplus_5_2_5,OPTIMAL,FEASIBLE_POINT,3.062335034195513,3.0626101198949045,2.113999843597412,2.115000009536743,2.113999843597412,false,8.982874059162257e-5,0.0002750856993913864,true
EAGO,19_gelu_3_2_2,OPTIMAL,FEASIBLE_POINT,0.0786049772981979,0.07879587496624263,0.14699983596801758,0.14800000190734863,0.14699983596801758,false,0.0024285697242877086,0.00019089766804472608,true
EAGO,19_sigmoid_3_2_2,OPTIMAL,FEASIBLE_POINT,0.8429783257752811,0.8432035080278834,0.02500009536743164,0.026000022888183594,0.02500009536743164,false,0.00026712697790321524,0.00022518225260226288,true
EAGO,19_silu_3_2_2,OPTIMAL,FEASIBLE_POINT,0.00670660796822721,0.006807796380468803,0.09099984169006348,0.09199976921081543,0.09099984169006348,false,0.015087867476521124,0.00010118841224159274,true
EAGO,19_softplus_3_2_2,OPTIMAL,FEASIBLE_POINT,0.9498307585801848,0.9501381139721771,0.07999992370605469,0.0820000171661377,0.07999992370605469,false,0.0003235896386969644,0.0003073553919922256,true
EAGO,20_gelu_5_3_3,TIME_LIMIT,UNKNOWN_RESULT_STATUS,-0.3692802899916397,-0.3691069705081181,100.00999999046326,100.01100015640259,100.0,false,0.0004695643739348043,0.00017331948352161675,false
EAGO,20_sigmoid_5_3_3,OPTIMAL,FEASIBLE_POINT,1.1935423377931083,1.1936608613804744,1.9699997901916504,1.9709999561309814,1.9699997901916504,false,9.930404947791464e-5,0.00011852358736619273,true
EAGO,20_silu_5_3_3,OPTIMAL,FEASIBLE_POINT,-0.5496813819486912,-0.5495655168252805,6.420000076293945,6.421000003814697,6.420000076293945,false,0.00021083041032121295,0.00011586512341066335,true
EAGO,20_softplus_5_3_3,OPTIMAL,FEASIBLE_POINT,1.3589851546545015,1.3591118295442717,5.093999862670898,5.09499979019165,5.093999862670898,false,9.321285765063758e-5,0.00012667488977013974,true
EAGO,21_gelu_4_4_5,TIME_LIMIT,UNKNOWN_RESULT_STATUS,-0.8396934932750445,0.14018519386373696,100.22200012207031,100.22300004959106,100.0,false,6.989887163770268,0.9798786871387815,false
EAGO,21_sigmoid_4_4_5,OPTIMAL,FEASIBLE_POINT,2.917713604669371,2.9180027762830427,18.44099998474121,18.442000150680542,18.44099998474121,false,9.910897807410738e-5,0.0002891716136717015,true
EAGO,21_silu_4_4_5,TIME_LIMIT,UNKNOWN_RESULT_STATUS,-0.15060586679189775,-0.15003973580313615,100.00399994850159,100.00500011444092,100.0,false,0.0037732070489940508,0.0005661309887615984,false
EAGO,21_softplus_4_4_5,OPTIMAL,FEASIBLE_POINT,5.929089820877405,5.929596775080782,12.006999969482422,12.007999897003174,12.006999969482422,false,8.550287121496331e-5,0.0005069542033764307,true
EAGO,22_gelu_5_3_3,TIME_LIMIT,UNKNOWN_RESULT_STATUS,0.5861476112195386,0.6930173108210852,100.01600003242493,100.01699995994568,100.0,false,0.18232557389288595,0.10686969960154657,false
EAGO,22_sigmoid_5_3_3,OPTIMAL,FEASIBLE_POINT,1.8197123230963286,1.8198938392082538,2.1539998054504395,2.1549999713897705,2.1539998054504395,false,9.974989432193633e-5,0.00018151611192518402,true
EAGO,22_silu_5_3_3,TIME_LIMIT,UNKNOWN_RESULT_STATUS,0.5436346535526866,0.5558894636836667,100.0019998550415,100.00300002098083,100.0,false,0.022542363793209487,0.012254810130980065,false
EAGO,22_softplus_5_3_3,OPTIMAL,FEASIBLE_POINT,2.802398142861239,2.8026192959460183,1.6800000667572021,1.681999921798706,1.6800000667572021,false,7.89156549160169e-5,0.00022115308477932416,true
EAGO,23_gelu_4_4_2,TIME_LIMIT,UNKNOWN_RESULT_STATUS,0.4376541272574155,0.4379877981285896,100.00300002098083,100.00399994850159,100.0,false,0.0007624076876987508,0.00033367087117414096,false
EAGO,23_sigmoid_4_4_2,OPTIMAL,FEASIBLE_POINT,1.0646749500435526,1.0648009790473612,0.059999942779541016,0.06100010871887207,0.059999942779541016,false,0.00011837322161414719,0.00012602900380853654,true
EAGO,23_silu_4_4_2,OPTIMAL,FEASIBLE_POINT,0.3555673140513702,0.3556673652634433,10.656000137329102,10.657000064849854,10.656000137329102,false,0.00028138472834602686,0.00010005121207307122,true
EAGO,23_softplus_4_4_2,OPTIMAL,FEASIBLE_POINT,1.6111325489181425,1.6112933718911184,5.567999839782715,5.569000005722046,5.567999839782715,false,9.981982741514209e-5,0.00016082297297592696,true
EAGO,24_gelu_2_3_5,OPTIMAL,FEASIBLE_POINT,-0.7692113623852544,-0.7691085151488427,8.598000049591064,8.598999977111816,8.598000049591064,false,0.00013372265991859017,0.00010284723641174054,true
EAGO,24_sigmoid_2_3_5,OPTIMAL,FEASIBLE_POINT,1.3290605375120486,1.3291823152387139,0.27900004386901855,0.2799999713897705,0.27900004386901855,false,9.162692234718813e-5,0.0001217777266653286,true
EAGO,24_silu_2_3_5,OPTIMIZE_NOT_CALLED,NO_SOLUTION,-Inf,Inf,100.0,0.01699995994567871,100.0,false,NaN,Inf,false
EAGO,24_softplus_2_3_5,OPTIMAL,FEASIBLE_POINT,1.390800939398102,1.3909136031673237,0.5550000667572021,0.5559999942779541,0.5550000667572021,false,8.100639425111171e-5,0.00011266376922169918,true
EAGO,25_gelu_2_4_4,OPTIMAL,FEASIBLE_POINT,1.607970909411102,1.6080710397347249,23.395999908447266,23.397000074386597,23.395999908447266,false,6.227122831434973e-5,0.0001001303236227713,true
EAGO,25_sigmoid_2_4_4,OPTIMAL,FEASIBLE_POINT,1.9450041724478224,1.945104260974994,0.10599994659423828,0.10699987411499023,0.10599994659423828,false,5.145928661202775e-5,0.00010008852717158234,true
EAGO,25_silu_2_4_4,OPTIMAL,FEASIBLE_POINT,1.4303084026043738,1.4304282383003806,1.121999979019165,1.122999906539917,1.121999979019165,false,8.378311683593396e-5,0.00011983569600682031,true
EAGO,25_softplus_2_4_4,OPTIMAL,FEASIBLE_POINT,3.134596837752205,3.1349069301826136,0.8370001316070557,0.8380000591278076,0.8370001316070557,false,9.89257778460708e-5,0.0003100924304084707,true
EAGO,26_gelu_3_2_4,OPTIMAL,FEASIBLE_POINT,-0.570537364434061,-0.5703679903268137,1.6129999160766602,1.613999843597412,1.6129999160766602,false,0.0002969558427537585,0.00016937410724726654,true
EAGO,26_sigmoid_3_2_4,OPTIMAL,FEASIBLE_POINT,0.968952895332793,0.9690665121904919,0.25,0.25099992752075195,0.25,false,0.00011725735920301575,0.00011361685769883945,true
EAGO,26_silu_3_2_4,OPTIMAL,FEASIBLE_POINT,-0.9497489293779746,-0.9496425426206565,0.48600006103515625,0.4869999885559082,0.48600006103515625,false,0.00011202821329436602,0.00010638675731811098,true
EAGO,26_softplus_3_2_4,OPTIMAL,FEASIBLE_POINT,0.5830038125699673,0.583113274854303,0.5899999141693115,0.5909998416900635,0.5899999141693115,false,0.0001877556921166609,0.00010946228433572625,true
EAGO,27_gelu_4_3_3,TIME_LIMIT,UNKNOWN_RESULT_STATUS,0.6756547463878915,0.682781277888128,100.01300001144409,100.0149998664856,100.0,false,0.010547593335702321,0.007126531500236566,false
EAGO,27_sigmoid_4_3_3,OPTIMAL,FEASIBLE_POINT,1.825396782074075,1.825521642170201,0.5239999294281006,0.5250000953674316,0.5239999294281006,false,6.840161950105957e-5,0.00012486009612588944,true
EAGO,27_silu_4_3_3,OPTIMAL,FEASIBLE_POINT,0.49375341775994036,0.49385448877209726,9.765000104904175,9.766000032424927,9.765000104904175,false,0.0002046993671769069,0.00010107101215689474,true
EAGO,27_softplus_4_3_3,OPTIMAL,FEASIBLE_POINT,3.319937372003474,3.3202655751310317,0.7109999656677246,0.7120001316070557,0.7109999656677246,false,9.885822856938024e-5,0.000328203127557547,true
EAGO,28_gelu_3_1_5,OPTIMAL,FEASIBLE_POINT,-0.6119151309496299,-0.6118141038517767,0.8829998970031738,0.8839998245239258,0.8829998970031738,false,0.0001651271149474465,0.0001010270978532013,true
EAGO,28_sigmoid_3_1_5,OPTIMAL,FEASIBLE_POINT,1.0561158792456828,1.0562804783451287,0.08899998664855957,0.09100008010864258,0.08899998664855957,false,0.00015585325690154972,0.00016459909944588347,true
EAGO,28_silu_3_1_5,OPTIMAL,FEASIBLE_POINT,-1.1131528847386636,-1.1130152523250179,0.2110002040863037,0.21200013160705566,0.2110002040863037,false,0.00012365725748880987,0.00013763241364572742,true
EAGO,28_softplus_3_1_5,OPTIMAL,FEASIBLE_POINT,1.2594819132163322,1.2597527569123947,0.08999991416931152,0.09099984169006348,0.08999991416931152,false,0.00021504373601595393,0.00027084369606256153,true
EAGO,29_gelu_4_3_3,OPTIMAL,FEASIBLE_POINT,-0.033042057840003525,-0.03291775284769661,4.997999906539917,5.0,4.997999906539917,false,0.003776229589001669,0.00012430499230691588,true
EAGO,29_sigmoid_4_3_3,OPTIMAL,FEASIBLE_POINT,1.7201104328327301,1.7202811810247403,0.5069999694824219,0.5079998970031738,0.5069999694824219,false,9.92658312809225e-5,0.00017074819201012836,true
EAGO,29_silu_4_3_3,OPTIMAL,FEASIBLE_POINT,-0.01277662677821323,-0.012492629398915388,0.42599987983703613,0.4270000457763672,0.42599987983703613,false,0.022733194928723128,0.0002839973792978408,true
EAGO,29_softplus_4_3_3,OPTIMAL,FEASIBLE_POINT,2.120734690751068,2.120858731000703,0.23099994659423828,0.23199987411499023,0.23099994659423828,false,5.848928212291557e-5,0.00012404024963519333,true
EAGO,30_gelu_4_1_3,OPTIMAL,FEASIBLE_POINT,0.43514216415471335,0.43549227572587834,0.252000093460083,0.25499987602233887,0.252000093460083,false,0.0008045912347866834,0.0003501115711649905,true
EAGO,30_sigmoid_4_1_3,OPTIMAL,FEASIBLE_POINT,1.6035698862454482,1.603720656743608,0.13900017738342285,0.1400001049041748,0.13900017738342285,false,9.402178193357267e-5,0.00015077049815981347,true
EAGO,30_silu_4_1_3,OPTIMAL,FEASIBLE_POINT,0.3961440602169596,0.39633194186270176,0.20200014114379883,0.20300006866455078,0.20200014114379883,false,0.00047427606421584123,0.0001878816457421828,true
EAGO,30_softplus_4_1_3,OPTIMAL,FEASIBLE_POINT,2.425291131219423,2.4255000099155324,0.16000008583068848,0.16199994087219238,0.16000008583068848,false,8.612520510244588e-5,0.00020887869610941578,true
EAGO,31_gelu_3_2_2,OPTIMAL,FEASIBLE_POINT,-0.3401748004135725,-0.3400735256405944,1.3989999294281006,1.4000000953674316,1.3989999294281006,false,0.0002978025789785895,0.0001012747729781105,true
EAGO,31_sigmoid_3_2_2,INFEASIBLE,NO_SOLUTION,-Inf,Inf,0.0009999275207519531,0.0029997825622558594,100.0,false,NaN,Inf,true
EAGO,31_silu_3_2_2,OPTIMIZE_NOT_CALLED,NO_SOLUTION,-Inf,Inf,100.0,0.012000083923339844,100.0,false,NaN,Inf,false
EAGO,31_softplus_3_2_2,INFEASIBLE,NO_SOLUTION,-Inf,Inf,0.0,0.0009999275207519531,100.0,false,NaN,Inf,true
EAGO,32_gelu_5_1_5,OPTIMAL,FEASIBLE_POINT,-0.8056077323976877,-0.8055070645552661,2.998000144958496,2.999000072479248,2.998000144958496,false,0.0001249744997297523,0.00010066784242157567,true
EAGO,32_sigmoid_5_1_5,OPTIMAL,FEASIBLE_POINT,1.1587302195556402,1.1588485915750222,0.13300013542175293,0.13400006294250488,0.13300013542175293,false,0.00010215666889867044,0.00011837201938202924,true
EAGO,32_silu_5_1_5,OPTIMAL,FEASIBLE_POINT,-1.2189883536177732,-1.2188698073406685,1.2070000171661377,1.2079999446868896,1.2070000171661377,false,9.725917927474929e-5,0.0001185462771047252,true
EAGO,32_softplus_5_1_5,OPTIMAL,FEASIBLE_POINT,1.3891665496513745,1.3893335533402507,0.14099979400634766,0.1419999599456787,0.14099979400634766,false,0.00012021862239486906,0.00016700368887612171,true
EAGO,33_gelu_3_1_4,OPTIMAL,FEASIBLE_POINT,0.06211925551891379,0.06222247822930195,0.4119999408721924,0.41299986839294434,0.4119999408721924,false,0.0016616862118820671,0.00010322271038815806,true
EAGO,33_sigmoid_3_1_4,OPTIMAL,FEASIBLE_POINT,1.5204517065881809,1.520719725019795,0.13899993896484375,0.1399998664855957,0.13899993896484375,false,0.00017627553078656478,0.00026801843161416983,true
EAGO,33_silu_3_1_4,OPTIMAL,FEASIBLE_POINT,-0.18167964337421266,-0.18141096158098852,0.19000005722045898,0.19099998474121094,0.19000005722045898,false,0.0014810670252921648,0.00026868179322414587,true
EAGO,33_softplus_3_1_4,OPTIMAL,FEASIBLE_POINT,2.2335520041458548,2.2337279775975105,0.13300013542175293,0.13500022888183594,0.13300013542175293,false,7.878636867604938e-5,0.00017597345165576428,true
EAGO,34_gelu_4_2_3,OPTIMAL,FEASIBLE_POINT,1.9338153305758037,1.9340083415669278,97.0809998512268,97.08299994468689,97.0809998512268,false,9.980838814978814e-5,0.00019301099112412068,true
EAGO,34_sigmoid_4_2_3,OPTIMAL,FEASIBLE_POINT,2.095860124553304,2.0960205695973397,0.44300007820129395,0.4440000057220459,0.44300007820129395,false,7.655331677716712e-5,0.00016044504403556203,true
EAGO,34_silu_4_2_3,OPTIMAL,FEASIBLE_POINT,1.663118060331366,1.6632841910995138,21.1560001373291,21.157000064849854,21.1560001373291,false,9.989114549970893e-5,0.00016613076814775418,true
EAGO,34_softplus_4_2_3,OPTIMAL,FEASIBLE_POINT,3.63096702868322,3.631170729298736,1.4219999313354492,1.4230000972747803,1.4219999313354492,false,5.610092680739517e-5,0.00020370061551622243,true
EAGO,35_gelu_5_4_2,OPTIMAL,FEASIBLE_POINT,-0.3249704673134127,-0.3248643750546409,2.555000066757202,2.555999994277954,2.555000066757202,false,0.00032657400108582256,0.00010609225877183937,true
EAGO,35_sigmoid_5_4_2,OPTIMAL,FEASIBLE_POINT,0.6123200455129661,0.6124638457736444,0.07500004768371582,0.07599997520446777,0.07500004768371582,false,0.0002348449340047597,0.000143800260678284,true
EAGO,35_silu_5_4_2,OPTIMAL,FEASIBLE_POINT,-0.4337332904251528,-0.4335754604200758,0.4789998531341553,0.48000001907348633,0.4789998531341553,false,0.0003640196908840366,0.00015783000507701983,true
EAGO,35_softplus_5_4_2,OPTIMAL,FEASIBLE_POINT,0.5491657888429455,0.5492853920638537,0.3450000286102295,0.34599995613098145,0.3450000286102295,false,0.00021779073521713732,0.0001196032209082043,true
EAGO,36_gelu_3_2_3,OPTIMAL,FEASIBLE_POINT,0.14167871530307818,0.14177966154087873,2.997999906539917,2.998999834060669,2.997999906539917,false,0.0007125010809464509,0.00010094623780054768,true
EAGO,36_sigmoid_3_2_3,OPTIMAL,FEASIBLE_POINT,1.8203433438365162,1.8205595788173856,0.10800004005432129,0.11100006103515625,0.10800004005432129,false,0.00011878801963463161,0.00021623498086942305,true
EAGO,36_silu_3_2_3,OPTIMAL,FEASIBLE_POINT,-0.030406874856280342,-0.03029982602092192,0.8259999752044678,0.8270001411437988,0.8259999752044678,false,0.0035329851493043703,0.00010704883535842327,true
EAGO,36_softplus_3_2_3,OPTIMAL,FEASIBLE_POINT,2.94473295823379,2.9449433216606145,0.09299993515014648,0.09399986267089844,0.09299993515014648,false,7.143718286442071e-5,0.0002103634268242338,true
EAGO,37_gelu_4_2_5,TIME_LIMIT,UNKNOWN_RESULT_STATUS,-0.14940252323634748,-0.14915005389986913,100.00800013542175,100.0090000629425,100.0,false,0.0016927203837810473,0.00025246933647835035,false
EAGO,37_sigmoid_4_2_5,OPTIMAL,FEASIBLE_POINT,2.8866141400182044,2.886817043994281,0.6800000667572021,0.6809999942779541,0.6800000667572021,false,7.02913400386774e-5,0.00020290397607647392,true
EAGO,37_silu_4_2_5,OPTIMAL,FEASIBLE_POINT,-0.5092922535702775,-0.5091898309332973,5.292999982833862,5.293999910354614,5.292999982833862,false,0.00020114823737250631,0.00010242263698023724,true
EAGO,37_softplus_4_2_5,OPTIMAL,FEASIBLE_POINT,4.829945949175427,4.830358308552789,0.5769999027252197,0.5779998302459717,0.5769999027252197,false,8.537556769818321e-5,0.00041235937736239237,true
EAGO,38_gelu_5_3_2,TIME_LIMIT,UNKNOWN_RESULT_STATUS,-0.32683015163426105,-0.3250678432051639,100.00499987602234,100.00600004196167,100.0,false,0.005421355775215423,0.001762308429097137,false
EAGO,38_sigmoid_5_3_2,OPTIMAL,FEASIBLE_POINT,0.5443622746294533,0.5444696702974522,0.18499994277954102,0.18599987030029297,0.18499994277954102,false,0.0001972871247773234,0.00010739566799888856,true
EAGO,38_silu_5_3_2,OPTIMIZE_NOT_CALLED,NO_SOLUTION,-Inf,Inf,100.0,0.012000083923339844,100.0,false,NaN,Inf,false
EAGO,38_softplus_5_3_2,OPTIMAL,FEASIBLE_POINT,0.426987309046567,0.4271322817385705,0.5170001983642578,0.5190000534057617,0.5170001983642578,false,0.0003395245922582324,0.0001449726920034755,true
EAGO,39_gelu_3_1_3,OPTIMAL,FEASIBLE_POINT,-0.2805021846151828,-0.28027511106613257,0.19500017166137695,0.19700002670288086,0.19500017166137695,false,0.0008101809261138315,0.00022707354905021626,true
EAGO,39_sigmoid_3_1_3,OPTIMAL,FEASIBLE_POINT,1.1727901727791736,1.1729714855404505,0.1660001277923584,0.16700005531311035,0.1660001277923584,false,0.00015459948888146385,0.0001813127612768639,true
EAGO,39_silu_3_1_3,OPTIMAL,FEASIBLE_POINT,-0.4049900014838699,-0.4047660200189648,0.2200000286102295,0.22099995613098145,0.2200000286102295,false,0.0005533603460453629,0.00022398146490509863,true
EAGO,39_softplus_3_1_3,OPTIMAL,FEASIBLE_POINT,1.5486404167345798,1.5487518303038217,0.15199995040893555,0.1530001163482666,0.15199995040893555,false,7.194282677760638e-5,0.00011141356924193602,true
EAGO,40_gelu_3_3_5,TIME_LIMIT,UNKNOWN_RESULT_STATUS,0.2134358756578064,0.2377019747849578,100.03600001335144,100.03699994087219,100.0,false,0.11369269131706952,0.024266099127151414,false
EAGO,40_sigmoid_3_3_5,OPTIMAL,FEASIBLE_POINT,2.5230431259807973,2.5231702187018525,0.35199999809265137,0.3529999256134033,0.35199999809265137,false,5.037278980550952e-5,0.00012709272105526637,true
EAGO,40_silu_3_3_5,OPTIMAL,FEASIBLE_POINT,-0.14769036964691917,-0.14757039434128508,2.937999963760376,2.938999891281128,2.937999963760376,false,0.0008130038966801814,0.00011997530563409575,true
EAGO,40_softplus_3_3_5,OPTIMAL,FEASIBLE_POINT,4.192171034929182,4.1925842994832845,1.9570000171661377,1.9579999446868896,1.9570000171661377,false,9.858007954800884e-5,0.00041326455410217733,true
EAGO,41_gelu_4_2_4,OPTIMAL,FEASIBLE_POINT,-0.1571225586079891,-0.15702252923684745,98.20500016212463,98.20600008964539,98.20500016212463,false,0.000637038338560741,0.00010002937114164667,true
EAGO,41_sigmoid_4_2_4,OPTIMAL,FEASIBLE_POINT,1.4826594412991645,1.4828304905866154,0.2760000228881836,0.27700018882751465,0.2760000228881836,false,0.00011536653845541935,0.00017104928745093062,true
EAGO,41_silu_4_2_4,OPTIMAL,FEASIBLE_POINT,-0.43570189701997897,-0.4356017958480544,68.12100005149841,68.12100005149841,68.12100005149841,false,0.0002297997227712677,0.00010010117192454926,true
EAGO,41_softplus_4_2_4,OPTIMAL,FEASIBLE_POINT,2.135771465258912,2.1359524559288507,0.7180001735687256,0.7200000286102295,0.7180001735687256,false,8.474252647479667e-5,0.00018099066993881863,true
EAGO,42_gelu_4_4_3,OPTIMAL,FEASIBLE_POINT,0.7782554246715049,0.7783728897775123,5.8420000076293945,5.8440001010894775,5.8420000076293945,false,0.0001509338737433014,0.00011746510600740834,true
EAGO,42_sigmoid_4_4_3,OPTIMAL,FEASIBLE_POINT,2.078294425273776,2.0784959962492344,0.5190000534057617,0.5200002193450928,0.5190000534057617,false,9.698865233304655e-5,0.00020157097545858704,true
EAGO,42_silu_4_4_3,OPTIMAL,FEASIBLE_POINT,0.2345569766454137,0.2346792297480955,0.2929999828338623,0.29399991035461426,0.2929999828338623,false,0.0005212085542294901,0.00012225310268179634,true
EAGO,42_softplus_4_4_3,OPTIMAL,FEASIBLE_POINT,10.212924524891845,10.213601992602927,0.14800000190734863,0.15000009536743164,0.14800000190734863,false,6.633435011007066e-5,0.0006774677110819027,true
EAGO,43_gelu_4_2_3,OPTIMAL,FEASIBLE_POINT,0.5847813509775478,0.5848836170420835,5.769000053405762,5.771000146865845,5.769000053405762,false,0.0001748791481888391,0.00010226606453567211,true
EAGO,43_sigmoid_4_2_3,OPTIMAL,FEASIBLE_POINT,1.68250399227821,1.6826329299712213,0.14499998092651367,0.14599990844726562,0.14499998092651367,false,7.663440538811256e-5,0.00012893769301136615,true
EAGO,43_silu_4_2_3,OPTIMAL,FEASIBLE_POINT,0.393396042876329,0.39350305639306016,4.610999822616577,4.611999988555908,4.610999822616577,false,0.0002720248936636828,0.00010701351673114701,true
EAGO,43_softplus_4_2_3,OPTIMAL,FEASIBLE_POINT,2.6146840425313256,2.614913516986172,0.34600019454956055,0.3470001220703125,0.34600019454956055,false,8.776374166585649e-5,0.0002294744548465566,true
EAGO,44_gelu_3_4_2,OPTIMAL,FEASIBLE_POINT,0.36636527334054064,0.36647088510660925,2.2279999256134033,2.2290000915527344,2.2279999256134033,false,0.0002882690411829387,0.0001056117660686029,true
EAGO,44_sigmoid_3_4_2,OPTIMAL,FEASIBLE_POINT,1.3784348388563552,1.3784962622911627,0.009999990463256836,0.010999917984008789,0.009999990463256836,false,4.456027450560473e-5,6.142343480752821e-5,true
EAGO,44_silu_3_4_2,OPTIMAL,FEASIBLE_POINT,0.27330963953493104,0.2734223354321695,0.375,0.37599992752075195,0.375,false,0.0004123378064169698,0.0001126958972384462,true
EAGO,44_softplus_3_4_2,INFEASIBLE,NO_SOLUTION,-Inf,Inf,0.0,0.0010001659393310547,100.0,false,NaN,Inf,true
EAGO,45_gelu_3_4_5,TIME_LIMIT,UNKNOWN_RESULT_STATUS,-0.7769059846257725,-0.36972436646230483,100.03200006484985,100.03300023078918,100.0,false,1.1013112878103526,0.4071816181634677,false
EAGO,45_sigmoid_3_4_5,OPTIMAL,FEASIBLE_POINT,2.5271057419417495,2.5273506164218014,1.998000144958496,1.999000072479248,1.998000144958496,false,9.689918232850982e-5,0.00024487448005183765,true
EAGO,45_silu_3_4_5,OPTIMAL,FEASIBLE_POINT,-0.6416793830851995,-0.6415785734573317,42.16700005531311,42.16799998283386,42.16700005531311,false,0.00015712748529692232,0.00010080962786773728,true
EAGO,45_softplus_3_4_5,OPTIMAL,FEASIBLE_POINT,3.993280088771478,3.99366624761148,13.615000009536743,13.615999937057495,13.615000009536743,false,9.670216749574818e-5,0.00038615884000181566,true
EAGO,46_gelu_5_1_5,OPTIMAL,FEASIBLE_POINT,-0.6826901943767912,-0.6825761626846567,1.9820001125335693,1.9830000400543213,1.9820001125335693,false,0.00016706075947045968,0.0001140316921345308,true
EAGO,46_sigmoid_5_1_5,OPTIMAL,FEASIBLE_POINT,1.8111876268243416,1.8113647357633473,0.7290000915527344,0.7310001850128174,0.7290000915527344,false,9.77860804604894e-5,0.00017710893900568792,true
EAGO,46_silu_5_1_5,OPTIMAL,FEASIBLE_POINT,-0.8834405538470057,-0.8833386942526888,0.5260000228881836,0.5269999504089355,0.5260000228881836,false,0.00011531204845841085,0.00010185959431685543,true
EAGO,46_softplus_5_1_5,OPTIMAL,FEASIBLE_POINT,2.3795435666452405,2.3797350718476227,0.37800002098083496,0.3789999485015869,0.37800002098083496,false,8.047980506286472e-5,0.0001915052023822028,true
EAGO,47_gelu_3_3_4,OPTIMAL,FEASIBLE_POINT,0.08281377205445248,0.08293960527347967,40.25399994850159,40.25600004196167,40.25399994850159,false,0.00151947213495422,0.00012583321902719102,true
EAGO,47_sigmoid_3_3_4,OPTIMAL,FEASIBLE_POINT,1.9780116251233009,1.9782312167982683,0.15700006484985352,0.15799999237060547,0.15700006484985352,false,0.0001110163722893923,0.00021959167496743426,true
EAGO,47_silu_3_3_4,OPTIMAL,FEASIBLE_POINT,-0.07719243153159659,-0.07708461382512719,3.881999969482422,3.884000062942505,3.881999969482422,false,0.0013986929572482557,0.00010781770646940692,true
EAGO,47_softplus_3_3_4,OPTIMAL,FEASIBLE_POINT,3.817637714612442,3.8180185642218256,0.5980000495910645,0.5989999771118164,0.5980000495910645,false,9.97605424752105e-5,0.00038084960938356005,true
EAGO,48_gelu_5_4_5,TIME_LIMIT,UNKNOWN_RESULT_STATUS,-0.8502032797935534,0.11271198949210509,100.01600003242493,100.01699995994568,100.0,false,8.5431485472369,0.9629152692856584,false
EAGO,48_sigmoid_5_4_5,TIME_LIMIT,UNKNOWN_RESULT_STATUS,1.9612974485100754,1.9622930904078366,100.0019998550415,100.00300002098083,100.0,false,0.0005076445179274555,0.0009956418977612458,false
EAGO,48_silu_5_4_5,TIME_LIMIT,UNKNOWN_RESULT_STATUS,-0.9828117726104495,-0.39637791855717514,100.01099991798401,100.01199984550476,100.0,false,1.4794816426402035,0.5864338540532743,false
EAGO,48_softplus_5_4_5,TIME_LIMIT,UNKNOWN_RESULT_STATUS,2.836331405788699,3.009322422522713,100.00600004196167,100.00699996948242,100.0,false,0.060991115629490486,0.17299101673401385,false
EAGO,49_gelu_3_3_5,TIME_LIMIT,UNKNOWN_RESULT_STATUS,-0.029814470554776408,-0.023027963727698723,100.1029999256134,100.10400009155273,100.0,false,0.29470720500200687,0.006786506827077685,false
EAGO,49_sigmoid_3_3_5,OPTIMAL,FEASIBLE_POINT,2.631824358268984,2.63206788234072,1.2790000438690186,1.2799999713897705,1.2790000438690186,false,9.253051822051406e-5,0.000243524071736001,true
EAGO,49_silu_3_3_5,OPTIMAL,FEASIBLE_POINT,-0.12093703075112798,-0.12082065643811621,3.2039999961853027,3.2049999237060547,3.2039999961853027,false,0.0009631988141976211,0.0001163743130117717,true
EAGO,49_softplus_3_3_5,OPTIMAL,FEASIBLE_POINT,5.403894772819293,5.404421787638336,1.7639999389648438,1.7650001049041748,1.7639999389648438,false,9.752499654390463e-5,0.0005270148190428259,true
EAGO,50_gelu_2_1_3,OPTIMAL,FEASIBLE_POINT,-0.5092895150575266,-0.5091841337124493,0.3599998950958252,0.36099982261657715,0.3599998950958252,false,0.00020696117200075088,0.00010538134507731556,true
EAGO,50_sigmoid_2_1_3,OPTIMAL,FEASIBLE_POINT,0.7919004324733137,0.7924404318320513,0.03099989891052246,0.032000064849853516,0.03099989891052246,false,0.0006819030986648766,0.0005399993587376084,true
EAGO,50_silu_2_1_3,OPTIMAL,FEASIBLE_POINT,-0.8034313405187632,-0.8032669017192958,0.08599996566772461,0.08700013160705566,0.08599996566772461,false,0.0002047125296902048,0.00016443879946737017,true
EAGO,50_softplus_2_1_3,OPTIMAL,FEASIBLE_POINT,0.9223942431545645,0.922496473141671,0.07899999618530273,0.08099985122680664,0.07899999618530273,false,0.00011083112006086785,0.00010222998710651687,true
EAGO,51_gelu_2_1_4,OPTIMAL,FEASIBLE_POINT,-0.018753326299250524,-0.018161831349614164,0.07399988174438477,0.07500004768371582,0.07399988174438477,false,0.032568023469115984,0.0005914949496363606,true
EAGO,51_sigmoid_2_1_4,OPTIMAL,FEASIBLE_POINT,1.7826150148686597,1.7829740730387176,0.029999971389770508,0.03099989891052246,0.029999971389770508,false,0.00020142216185940447,0.0003590581700578799,true
EAGO,51_silu_2_1_4,OPTIMAL,FEASIBLE_POINT,-0.09956163730266918,-0.0992336374143783,0.09999990463256836,0.10100007057189941,0.09999990463256836,false,0.003305329693007462,0.0003279998882908808,true
EAGO,51_softplus_2_1_4,OPTIMAL,FEASIBLE_POINT,2.588710681069716,2.5888985971570633,0.046000003814697266,0.04700016975402832,0.046000003814697266,false,7.259060995939469e-5,0.00018791608734725074,true
EAGO,52_gelu_5_1_5,OPTIMAL,FEASIBLE_POINT,-0.6694123848941211,-0.6693037756416044,2.8459999561309814,2.8469998836517334,2.8459999561309814,false,0.00016227198541148613,0.00010860925251676701,true
EAGO,52_sigmoid_5_1_5,OPTIMAL,FEASIBLE_POINT,1.2927199312047062,1.292957381738395,0.24399995803833008,0.24600005149841309,0.24399995803833008,false,0.00018368289059143643,0.00023745053368884328,true
EAGO,52_silu_5_1_5,OPTIMAL,FEASIBLE_POINT,-1.1444576944201243,-1.1443442305570728,0.5240001678466797,0.5250000953674316,0.5240001678466797,false,9.91518635929332e-5,0.00011346386305155498,true
EAGO,52_softplus_5_1_5,OPTIMAL,FEASIBLE_POINT,1.5538744771226218,1.5539991777523379,0.21500015258789062,0.21600008010864258,0.21500015258789062,false,8.025141769941956e-5,0.00012470062971603468,true
EAGO,53_gelu_2_2_2,OPTIMAL,FEASIBLE_POINT,0.49633908073482247,0.497416291573651,0.13499999046325684,0.1359999179840088,0.13499999046325684,false,0.002170312354275555,0.0010772108388285573,true
EAGO,53_sigmoid_2_2_2,OPTIMAL,FEASIBLE_POINT,0.8230725646634696,0.8233910628923742,0.051000118255615234,0.05200004577636719,0.051000118255615234,false,0.000386962514094784,0.0003184982289046179,true
EAGO,53_silu_2_2_2,OPTIMAL,FEASIBLE_POINT,0.2600824199584357,0.2601825779251729,0.09000015258789062,0.09100008010864258,0.09000015258789062,false,0.0003851008720744827,0.00010015796673723543,true
EAGO,53_softplus_2_2_2,INFEASIBLE,NO_SOLUTION,-Inf,Inf,0.0,0.0010001659393310547,100.0,false,NaN,Inf,true
EAGO,54_gelu_4_2_3,TIME_LIMIT,UNKNOWN_RESULT_STATUS,-0.31502064936342894,-0.31462788017088905,100.00200009346008,100.00300002098083,100.0,false,0.0012483610553729592,0.00039276919253988796,false
EAGO,54_sigmoid_4_2_3,OPTIMAL,FEASIBLE_POINT,1.2652893842062753,1.2654140798539972,1.4620001316070557,1.4630000591278076,1.4620001316070557,false,9.855108979682664e-5,0.00012469564772188413,true
EAGO,54_silu_4_2_3,OPTIMAL,FEASIBLE_POINT,-0.46310787373366474,-0.4629894418544088,4.775000095367432,4.776000022888184,4.775000095367432,false,0.0002557982289651482,0.00011843187925592025,true
EAGO,54_softplus_4_2_3,OPTIMAL,FEASIBLE_POINT,1.5319232481420448,1.532060457659494,1.753000020980835,1.755000114440918,1.753000020980835,false,8.956683542444622e-5,0.0001372095174492216,true
EAGO,55_gelu_3_3_3,OPTIMAL,FEASIBLE_POINT,-0.40059437983413837,-0.4004377219483981,1.7100000381469727,1.7109999656677246,1.7100000381469727,false,0.00039121660411516106,0.0001566578857402634,true
EAGO,55_sigmoid_3_3_3,OPTIMAL,FEASIBLE_POINT,1.2174556240699654,1.2175815354676172,0.18499994277954102,0.18699979782104492,0.18499994277954102,false,0.00010342175530866617,0.00012591139765172343,true
EAGO,55_silu_3_3_3,OPTIMAL,FEASIBLE_POINT,-0.6812601855493826,-0.6810113245499376,0.36700010299682617,0.3689999580383301,0.36700010299682617,false,0.00036542857728460575,0.00024886099944498863,true
EAGO,55_softplus_3_3_3,OPTIMAL,FEASIBLE_POINT,0.8432056685905434,0.8433640495581647,0.1510000228881836,0.15199995040893555,0.1510000228881836,false,0.00018783195312962127,0.00015838096762132992,true
EAGO,56_gelu_2_1_3,OPTIMAL,FEASIBLE_POINT,-0.41405415815798213,-0.4138576780482672,0.15799999237060547,0.15900015830993652,0.15799999237060547,false,0.0004747528441215563,0.00019648010971495822,true
EAGO,56_sigmoid_2_1_3,OPTIMAL,FEASIBLE_POINT,1.1167200430587703,1.1168151431314477,0.009000062942504883,0.009999990463256836,0.009000062942504883,false,8.51601735533902e-5,9.510007267743426e-5,true
EAGO,56_silu_2_1_3,OPTIMAL,FEASIBLE_POINT,-0.5158609995958787,-0.5153388639385574,0.12600016593933105,0.12800002098083496,0.12600016593933105,false,0.0010131889788609861,0.0005221356573212876,true
EAGO,56_softplus_2_1_3,OPTIMAL,FEASIBLE_POINT,1.4220887354789329,1.4228643837165957,0.031999826431274414,0.03399991989135742,0.031999826431274414,false,0.0005454288598957418,0.0007756482376628515,true
EAGO,57_gelu_3_4_3,OPTIMAL,FEASIBLE_POINT,1.0425551105641078,1.0426606143571484,13.505000114440918,13.50600004196167,13.505000114440918,false,0.00010119732949518011,0.00010550379304063995,true
EAGO,57_sigmoid_3_4_3,OPTIMAL,FEASIBLE_POINT,1.7757000206396585,1.7758803508148964,0.0839998722076416,0.08500003814697266,0.0839998722076416,false,0.00010155441411377917,0.00018033017523788608,true
EAGO,57_silu_3_4_3,OPTIMAL,FEASIBLE_POINT,1.0444998162751757,1.0446026606534318,2.0239999294281006,2.0249998569488525,2.0239999294281006,false,9.846280167169877e-5,0.00010284437825602843,true
EAGO,57_softplus_3_4_3,OPTIMAL,FEASIBLE_POINT,3.287355366350211,3.2875079936105265,0.28299999237060547,0.2840001583099365,0.28299999237060547,false,4.6428585688645284e-5,0.00015262726031561868,true
EAGO,58_gelu_2_3_3,OPTIMAL,FEASIBLE_POINT,-0.20665338154267798,-0.20643340817976813,0.3959999084472656,0.3969998359680176,0.3959999084472656,false,0.0010655899393875925,0.00021997336290985325,true
EAGO,58_sigmoid_2_3_3,INFEASIBLE,NO_SOLUTION,-Inf,Inf,0.0009999275207519531,0.003000020980834961,100.0,false,NaN,Inf,true
EAGO,58_silu_2_3_3,OPTIMAL,FEASIBLE_POINT,-0.2780648885915816,-0.2779398917493982,0.16700005531311035,0.1679999828338623,0.16700005531311035,false,0.0004497261670380322,0.00012499684218342244,true
EAGO,58_softplus_2_3_3,INFEASIBLE,NO_SOLUTION,-Inf,Inf,0.0009999275207519531,0.002000093460083008,100.0,false,NaN,Inf,true
EAGO,59_gelu_3_4_2,OPTIMAL,FEASIBLE_POINT,-0.33973209517110364,-0.33970377792098316,0.02500009536743164,0.026000022888183594,0.02500009536743164,false,8.335865527838358e-5,2.831725012047981e-5,true
EAGO,59_sigmoid_3_4_2,INFEASIBLE,NO_SOLUTION,-Inf,Inf,0.0,0.0010001659393310547,100.0,false,NaN,Inf,true
EAGO,59_silu_3_4_2,OPTIMIZE_NOT_CALLED,NO_SOLUTION,-Inf,Inf,100.0,0.012000083923339844,100.0,false,NaN,Inf,false
EAGO,59_softplus_3_4_2,INFEASIBLE,NO_SOLUTION,-Inf,Inf,0.0,0.0010001659393310547,100.0,false,NaN,Inf,true
EAGO,60_gelu_4_3_5,TIME_LIMIT,UNKNOWN_RESULT_STATUS,-0.6553398614806472,-0.5146836437679478,100.03500008583069,100.03600001335144,100.0,false,0.27328674500508526,0.14065621771269932,false
EAGO,60_sigmoid_4_3_5,OPTIMAL,FEASIBLE_POINT,2.6031561524662443,2.603366361149194,0.9130001068115234,0.9140000343322754,0.9130001068115234,false,8.075146884695255e-5,0.0002102086829496308,true
EAGO,60_silu_4_3_5,OPTIMAL,FEASIBLE_POINT,-0.8461540968575357,-0.8460511639309912,7.2779998779296875,7.2790000438690186,7.2779998779296875,false,0.00012166276808396851,0.00010293292654450781,true
EAGO,60_softplus_4_3_5,OPTIMAL,FEASIBLE_POINT,3.7436707281303874,3.7440351107375096,1.005000114440918,1.00600004196167,1.005000114440918,false,9.733297439441549e-5,0.0003643826071222378,true
EAGO,61_gelu_3_2_5,OPTIMAL,FEASIBLE_POINT,-0.3694903544728462,-0.3693479402456133,4.267999887466431,4.269000053405762,4.267999887466431,false,0.00038558283860532704,0.0001424142272329343,true
EAGO,61_sigmoid_3_2_5,OPTIMAL,FEASIBLE_POINT,2.1538969739922837,2.153997642894266,0.12999987602233887,0.13100004196166992,0.12999987602233887,false,4.6738030276289246e-5,0.00010066890198245915,true
EAGO,61_silu_3_2_5,OPTIMAL,FEASIBLE_POINT,-0.5488070786991952,-0.5486954290364372,1.11899995803833,1.119999885559082,1.11899995803833,false,0.00020348203547836057,0.00011164966275800658,true
EAGO,61_softplus_3_2_5,OPTIMAL,FEASIBLE_POINT,2.865827579330125,2.866105885852849,0.7820000648498535,0.7829999923706055,0.7820000648498535,false,9.711209590247682e-5,0.00027830652272387013,true
EAGO,62_gelu_4_4_2,OPTIMAL,FEASIBLE_POINT,-0.3112421762001002,-0.3111421749429961,64.12299990653992,64.125,64.12299990653992,false,0.00032140052091105155,0.00010000125710407648,true
EAGO,62_sigmoid_4_4_2,INFEASIBLE,NO_SOLUTION,-Inf,Inf,0.0009999275207519531,0.0029997825622558594,100.0,false,NaN,Inf,true
EAGO,62_silu_4_4_2,OPTIMAL,FEASIBLE_POINT,-0.4897581125995392,-0.4896096533478615,0.312000036239624,0.31400012969970703,0.312000036239624,false,0.0003032196172248374,0.0001484592516777239,true
EAGO,62_softplus_4_4_2,INFEASIBLE,NO_SOLUTION,-Inf,Inf,0.0010001659393310547,0.003000020980834961,100.0,false,NaN,Inf,true
EAGO,63_gelu_3_2_4,OPTIMAL,FEASIBLE_POINT,-0.3858001965926005,-0.3856985638770698,13.386000156402588,13.38700008392334,13.386000156402588,false,0.00026350296591485595,0.0001016327155307084,true
EAGO,63_sigmoid_3_2_4,OPTIMAL,FEASIBLE_POINT,1.5072162132105285,1.5073425349439522,0.4809999465942383,0.48199987411499023,0.4809999465942383,false,8.381128886257961e-5,0.00012632173342375097,true
EAGO,63_silu_3_2_4,OPTIMAL,FEASIBLE_POINT,-0.5720093914935006,-0.5719090981012489,2.4519999027252197,2.453000068664551,2.4519999027252197,false,0.00017536596739705832,0.00010029339225170464,true
EAGO,63_softplus_3_2_4,OPTIMAL,FEASIBLE_POINT,1.8720187565410993,1.8722008342264713,1.0109999179840088,1.0109999179840088,1.0109999179840088,false,9.72627462923832e-5,0.0001820776853720396,true
EAGO,64_gelu_4_2_3,OPTIMAL,FEASIBLE_POINT,0.030733376045080224,0.03083560189962239,11.7739999294281,11.775999784469604,11.7739999294281,false,0.0033262162410084904,0.00010222585454216712,true
EAGO,64_sigmoid_4_2_3,OPTIMAL,FEASIBLE_POINT,1.3780351296021236,1.3781818584278023,0.3920001983642578,0.3940000534057617,0.3920001983642578,false,0.00010647683976027635,0.00014672882567867696,true
EAGO,64_silu_4_2_3,OPTIMAL,FEASIBLE_POINT,-0.15575548135559805,-0.15565313981316067,4.059999942779541,4.060999870300293,4.059999942779541,false,0.0006574974495228619,0.00010234154243737859,true
EAGO,64_softplus_4_2_3,OPTIMAL,FEASIBLE_POINT,2.1558683706210244,2.156039959987233,0.39999985694885254,0.40199995040893555,0.39999985694885254,false,7.959176383260267e-5,0.0001715893662086465,true
EAGO,65_gelu_2_4_2,OPTIMAL,FEASIBLE_POINT,0.2423031822686157,0.24255877658234334,0.3210000991821289,0.32200002670288086,0.3210000991821289,false,0.0010548533095380592,0.00025559431372765284,true
EAGO,65_sigmoid_2_4_2,OPTIMAL,FEASIBLE_POINT,0.8333280117088284,0.833389591313608,0.009999990463256836,0.01100015640258789,0.009999990463256836,false,7.389599763161445e-5,6.157960477959357e-5,true
EAGO,65_silu_2_4_2,OPTIMAL,FEASIBLE_POINT,0.14730493827458443,0.14741200356055792,0.10900020599365234,0.1100001335144043,0.10900020599365234,false,0.0007268275403904578,0.00010706528597348441,true
EAGO,65_softplus_2_4_2,OPTIMAL,FEASIBLE_POINT,0.9987429864219459,0.9988784797629204,0.14100003242492676,0.1419999599456787,0.14100003242492676,false,0.00013566387230405053,0.00013549334097451293,true
EAGO,66_gelu_3_2_3,OPTIMAL,FEASIBLE_POINT,-0.4755722279212458,-0.4754603729361628,0.5179998874664307,0.5189998149871826,0.5179998874664307,false,0.00023525616739053788,0.00011185498508303748,true
EAGO,66_sigmoid_3_2_3,OPTIMAL,FEASIBLE_POINT,1.1018816517908003,1.1020715429159849,0.10000014305114746,0.10100007057189941,0.10000014305114746,false,0.0001723335032178021,0.000189891125184527,true
EAGO,66_silu_3_2_3,OPTIMAL,FEASIBLE_POINT,-0.6075642555591654,-0.6074016666702818,0.2090001106262207,0.2090001106262207,0.2090001106262207,false,0.00026767935915427793,0.0001625888888835414,true
EAGO,66_softplus_3_2_3,OPTIMAL,FEASIBLE_POINT,1.2762407922746044,1.2764137713199044,0.2669999599456787,0.26800012588500977,0.2669999599456787,false,0.00013553793794015024,0.00017297904530000352,true
EAGO,67_gelu_3_2_5,OPTIMAL,FEASIBLE_POINT,-0.5148135578831539,-0.5147125029640337,8.360000133514404,8.361999988555908,8.360000133514404,false,0.00019633274602466678,0.00010105491912015818,true
EAGO,67_sigmoid_3_2_5,OPTIMAL,FEASIBLE_POINT,1.771144499915622,1.7712675245202996,0.2740001678466797,0.27500009536743164,0.2740001678466797,false,6.946051250101999e-5,0.00012302460467750187,true
EAGO,67_silu_3_2_5,OPTIMAL,FEASIBLE_POINT,-0.897614044374121,-0.8975116686046283,0.4589998722076416,0.4609999656677246,0.4589998722076416,false,0.00011406622673980882,0.00010237576949267968,true
EAGO,67_softplus_3_2_5,OPTIMAL,FEASIBLE_POINT,2.2749236962161286,2.2750924123751646,0.2220001220703125,0.2240002155303955,0.2220001220703125,false,7.416343647773536e-5,0.00016871615903601977,true
EAGO,68_gelu_4_2_2,OPTIMAL,FEASIBLE_POINT,-0.34008131791742524,-0.34007997163182974,0.012000083923339844,0.013000011444091797,0.012000083923339844,false,3.958732380048413e-6,1.3462855955048703e-6,true
EAGO,68_sigmoid_4_2_2,OPTIMAL,FEASIBLE_POINT,0.5836099476187679,0.583710885497073,0.31599998474121094,0.3169999122619629,0.31599998474121094,false,0.00017295434856251488,0.00010093787830500744,true
EAGO,68_silu_4_2_2,OPTIMIZE_NOT_CALLED,NO_SOLUTION,-Inf,Inf,100.0,0.013000011444091797,100.0,false,NaN,Inf,false
EAGO,68_softplus_4_2_2,OPTIMAL,FEASIBLE_POINT,0.27874833371676044,0.27889790552545024,0.3530001640319824,0.3540000915527344,0.3530001640319824,false,0.0005365836871397356,0.0001495718086897968,true
EAGO,69_gelu_4_3_2,TIME_LIMIT,UNKNOWN_RESULT_STATUS,0.44276424512963575,0.44296559675286545,100.00399994850159,100.00600004196167,100.0,false,0.00045476035033215734,0.00020135162322970634,false
EAGO,69_sigmoid_4_3_2,OPTIMAL,FEASIBLE_POINT,1.068615229560936,1.0694248910216724,0.06100010871887207,0.06200003623962402,0.06100010871887207,false,0.0007576735183431114,0.0008096614607364661,true
EAGO,69_silu_4_3_2,OPTIMIZE_NOT_CALLED,NO_SOLUTION,-Inf,Inf,100.0,0.015000104904174805,100.0,false,NaN,Inf,false
EAGO,69_softplus_4_3_2,OPTIMAL,FEASIBLE_POINT,1.9257361063409337,1.925863452636405,0.10899996757507324,0.1100001335144043,0.10899996757507324,false,6.612863260540135e-5,0.0001273462954711757,true
EAGO,70_gelu_2_2_5,OPTIMAL,FEASIBLE_POINT,0.7510697212230116,0.7513644946594414,0.4609999656677246,0.46200013160705566,0.4609999656677246,false,0.00039247146849404334,0.00029477343642980713,true
EAGO,70_sigmoid_2_2_5,OPTIMAL,FEASIBLE_POINT,2.948447402918334,2.948587238220157,0.0709998607635498,0.07199978828430176,0.0709998607635498,false,4.742675812507403e-5,0.00013983530182271053,true
EAGO,70_silu_2_2_5,OPTIMAL,FEASIBLE_POINT,0.6186841409467667,0.6187861006601194,0.13499999046325684,0.1360001564025879,0.13499999046325684,false,0.00016480091633942163,0.00010195971335269505,true
EAGO,70_softplus_2_2_5,OPTIMAL,FEASIBLE_POINT,4.501818626820246,4.502212634058301,0.08500003814697266,0.08599996566772461,0.08500003814697266,false,8.752179301674612e-5,0.00039400723805549376,true
EAGO,71_gelu_3_1_5,OPTIMAL,FEASIBLE_POINT,-0.6470162035874751,-0.6466727668933472,0.24099993705749512,0.24300003051757812,0.24099993705749512,false,0.0005310826614484503,0.0003434366941279521,true
EAGO,71_sigmoid_3_1_5,OPTIMAL,FEASIBLE_POINT,1.6396298040249464,1.639822935526287,0.08299994468688965,0.0840001106262207,0.08299994468688965,false,0.00011778969915434325,0.0001931315013405932,true
EAGO,71_silu_3_1_5,OPTIMAL,FEASIBLE_POINT,-0.9614946142040193,-0.9612581995615606,0.13499999046325684,0.1359999179840088,0.13499999046325684,false,0.00024594291374216263,0.00023641464245871546,true
EAGO,71_softplus_3_1_5,OPTIMAL,FEASIBLE_POINT,2.066110478039247,2.066254036167825,0.07899999618530273,0.08000016212463379,0.07899999618530273,false,6.948230992674836e-5,0.0001435581285780252,true
EAGO,72_gelu_3_3_5,OPTIMAL,FEASIBLE_POINT,0.491372521866092,0.4914729540000476,95.19200015068054,95.1930000782013,95.19200015068054,false,0.00020439102612859904,0.00010043213395560802,true
EAGO,72_sigmoid_3_3_5,OPTIMAL,FEASIBLE_POINT,2.6449255338008375,2.6450936577825384,0.43200016021728516,0.4330000877380371,0.43200016021728516,false,6.356473161618752e-5,0.00016812398170085174,true
EAGO,72_silu_3_3_5,OPTIMAL,FEASIBLE_POINT,0.1694083335981535,0.16955255642861108,2.5239999294281006,2.5250000953674316,2.5239999294281006,false,0.0008513325607682088,0.000144222830457591,true
EAGO,72_softplus_3_3_5,OPTIMAL,FEASIBLE_POINT,4.5746903531939385,4.575143250399025,0.8580000400543213,0.8600001335144043,0.8580000400543213,false,9.900062520518849e-5,0.00045289720508634446,true
EAGO,73_gelu_2_3_4,OPTIMAL,FEASIBLE_POINT,0.1669567575276565,0.16706300977949293,7.513000011444092,7.513999938964844,7.513000011444092,false,0.000636405817948478,0.00010625225183641396,true
EAGO,73_sigmoid_2_3_4,OPTIMAL,FEASIBLE_POINT,2.302888302021221,2.303123790658274,0.07200002670288086,0.07299995422363281,0.07200002670288086,false,0.00010225795009091037,0.00023548863705302736,true
EAGO,73_silu_2_3_4,OPTIMAL,FEASIBLE_POINT,-0.07234257783016702,-0.07222473629054722,0.9609999656677246,0.9619998931884766,0.9609999656677246,false,0.0016315952909228388,0.0001178415396198007,true
EAGO,73_softplus_2_3_4,OPTIMAL,FEASIBLE_POINT,4.828170847913508,4.828504870662047,0.10100007057189941,0.10299992561340332,0.10100007057189941,false,6.918204824566484e-5,0.00033402274853866487,true
EAGO,74_gelu_3_2_5,OPTIMAL,FEASIBLE_POINT,-0.38393334488219777,-0.3837363017599933,0.562999963760376,0.565000057220459,0.562999963760376,false,0.0005134857486788327,0.00019704312220447662,true
EAGO,74_sigmoid_3_2_5,OPTIMAL,FEASIBLE_POINT,2.2207226596914262,2.2208857522620566,0.15900015830993652,0.16000008583068848,0.15900015830993652,false,7.344121514618563e-5,0.0001630925706304076,true
EAGO,74_silu_3_2_5,OPTIMAL,FEASIBLE_POINT,-0.3893851350031875,-0.38925842195960353,0.3409998416900635,0.34200000762939453,0.3409998416900635,false,0.00032552421845125887,0.00012671304358397029,true
EAGO,74_softplus_3_2_5,OPTIMAL,FEASIBLE_POINT,3.0102182400792517,3.0104620755134595,0.14599990844726562,0.14700007438659668,0.14599990844726562,false,8.100257681030688e-5,0.0002438354342078064,true
EAGO,75_gelu_2_1_5,OPTIMAL,FEASIBLE_POINT,-0.19696218994840953,-0.19686210731223946,0.247999906539917,0.24899983406066895,0.247999906539917,false,0.0005083895399500278,0.00010008263617006241,true
EAGO,75_sigmoid_2_1_5,OPTIMAL,FEASIBLE_POINT,1.8047583918248673,1.8049285595179791,0.12999987602233887,0.13199996948242188,0.12999987602233887,false,9.428835121790502e-5,0.00017016769311184454,true
EAGO,75_silu_2_1_5,OPTIMAL,FEASIBLE_POINT,-0.6003108308176316,-0.6001959364468821,0.1679999828338623,0.16899991035461426,0.1679999828338623,false,0.00019142810501131567,0.00011489437074951869,true
EAGO,75_softplus_2_1_5,OPTIMAL,FEASIBLE_POINT,2.399457242338024,2.399568279554033,0.10199999809265137,0.10300016403198242,0.10199999809265137,false,4.627597193653813e-5,0.00011103721600935756,true
EAGO,76_gelu_2_3_3,OPTIMAL,FEASIBLE_POINT,0.9837429373766845,0.9838698356934034,2.8589999675750732,2.859999895095825,2.8589999675750732,false,0.0001289954030646008,0.00012689831671885976,true
EAGO,76_sigmoid_2_3_3,OPTIMAL,FEASIBLE_POINT,1.4506204242313374,1.450840292075525,0.14999985694885254,0.1509997844696045,0.14999985694885254,false,0.00015156814319920953,0.00021986784418759342,true
EAGO,76_silu_2_3_3,OPTIMAL,FEASIBLE_POINT,0.9583041538950984,0.9584446306130324,0.37199997901916504,0.3730001449584961,0.37199997901916504,false,0.0001465888646762805,0.00014047671793404604,true
EAGO,76_softplus_2_3_3,OPTIMAL,FEASIBLE_POINT,1.998957886089951,1.9991533693771895,0.2539999485015869,0.25499987602233887,0.2539999485015869,false,9.779259913312625e-5,0.00019548328723839603,true
EAGO,77_gelu_5_3_4,TIME_LIMIT,UNKNOWN_RESULT_STATUS,1.7052759774243023,1.8718334045506264,100.03399991989136,100.03500008583069,100.0,false,0.09767183102989421,0.16655742712632415,false
EAGO,77_sigmoid_5_3_4,OPTIMAL,FEASIBLE_POINT,2.2864589587318713,2.286685962581352,2.5180001258850098,2.5190000534057617,2.5180001258850098,false,9.928183867616478e-5,0.00022700384948048935,true
EAGO,77_silu_5_3_4,OPTIMAL,FEASIBLE_POINT,1.0167190573852745,1.0168198381515223,18.46399998664856,18.46500015258789,18.46399998664856,false,9.912351452036934e-5,0.00010078076624786547,true
EAGO,77_softplus_5_3_4,OPTIMAL,FEASIBLE_POINT,6.0546910765182425,6.055263431057947,4.919000148773193,4.920000076293945,4.919000148773193,false,9.453075846000249e-5,0.0005723545397042784,true
EAGO,78_gelu_2_1_4,OPTIMAL,FEASIBLE_POINT,-0.03200661823980977,-0.03166310368697438,0.10000014305114746,0.10199999809265137,0.10000014305114746,false,0.010849048666593834,0.0003435145528353917,true
EAGO,78_sigmoid_2_1_4,OPTIMAL,FEASIBLE_POINT,1.8246662175820771,1.8246841037016495,0.009999990463256836,0.010999917984008789,0.009999990463256836,false,9.802406270238546e-6,1.7886119572319004e-5,true
EAGO,78_silu_2_1_4,OPTIMAL,FEASIBLE_POINT,-0.15098988371703417,-0.15075425931400802,0.08000016212463379,0.08100008964538574,0.08000016212463379,false,0.0015629701216956842,0.00023562440302615784,true
EAGO,78_softplus_2_1_4,OPTIMAL,FEASIBLE_POINT,2.513272555208374,2.513490374966967,0.03399991989135742,0.03500008583068848,0.03399991989135742,false,8.666778226710765e-5,0.00021781975859269664,true
EAGO,79_gelu_3_2_3,OPTIMAL,FEASIBLE_POINT,0.24618495400097226,0.2462856025111285,9.192999839782715,9.194999933242798,9.192999839782715,false,0.0004088329059940603,0.00010064851015623155,true
EAGO,79_sigmoid_3_2_3,OPTIMAL,FEASIBLE_POINT,1.646009928488684,1.6462032097996115,0.3450000286102295,0.34600019454956055,0.3450000286102295,false,0.00011742414646612495,0.00019328131092755108,true
EAGO,79_silu_3_2_3,OPTIMAL,FEASIBLE_POINT,0.06427616202191916,0.06437887855631354,2.4789998531341553,2.4800000190734863,2.4789998531341553,false,0.0015980502127577367,0.00010271653439437867,true
EAGO,79_softplus_3_2_3,OPTIMAL,FEASIBLE_POINT,2.500234811628624,2.500444878733747,0.3840000629425049,0.38499999046325684,0.3840000629425049,false,8.4018950598484e-5,0.00021006710512283533,true
EAGO,80_gelu_2_4_4,TIME_LIMIT,UNKNOWN_RESULT_STATUS,0.8303751160687689,0.9009467298960394,100.00200009346008,100.00300002098083,100.0,false,0.0849876308449325,0.07057161382727051,false
EAGO,80_sigmoid_2_4_4,OPTIMAL,FEASIBLE_POINT,1.979345363342973,1.9795133538035978,0.3470001220703125,0.34800004959106445,0.3470001220703125,false,8.487172766108611e-5,0.00016799046062487832,true
EAGO,80_silu_2_4_4,OPTIMAL,FEASIBLE_POINT,0.5941222723806929,0.594225129710764,3.2860000133514404,3.2880001068115234,3.2860000133514404,false,0.00017312485131879706,0.00010285733007109332,true
EAGO,80_softplus_2_4_4,OPTIMAL,FEASIBLE_POINT,4.285255383804062,4.285555535679861,0.3680000305175781,0.3689999580383301,0.3680000305175781,false,7.004293768199868e-5,0.0003001518757992372,true
EAGO,81_gelu_4_3_4,TIME_LIMIT,UNKNOWN_RESULT_STATUS,0.43288826018745535,0.5379056724417433,100.01200008392334,100.01300001144409,100.0,false,0.24259704388567108,0.1050174122542879,false
EAGO,81_sigmoid_4_3_4,OPTIMAL,FEASIBLE_POINT,2.0222720156650134,2.022442433796393,0.8399999141693115,0.8409998416900635,0.8399999141693115,false,8.427062732383348e-5,0.00017041813137952389,true
EAGO,81_silu_4_3_4,OPTIMAL,FEASIBLE_POINT,0.43410454073838695,0.4342243428588178,11.277999877929688,11.279000043869019,11.277999877929688,false,0.00027597527597167636,0.00011980212043083416,true
EAGO,81_softplus_4_3_4,OPTIMAL,FEASIBLE_POINT,2.635166992345057,2.6354303424299816,15.784000158309937,15.785000085830688,15.784000158309937,false,9.993677276981599e-5,0.0002633500849245074,true
EAGO,82_gelu_5_3_5,TIME_LIMIT,UNKNOWN_RESULT_STATUS,-0.559485437029487,-0.013319503691625701,100.05400013923645,135.56700015068054,100.0,false,41.00497631013453,0.5461659333378613,false
EAGO,82_sigmoid_5_3_5,OPTIMAL,FEASIBLE_POINT,2.529588001548054,2.529830732276398,2.485999822616577,2.486999988555908,2.485999822616577,false,9.59566254250042e-5,0.00024273072834413156,true
EAGO,82_silu_5_3_5,TIME_LIMIT,UNKNOWN_RESULT_STATUS,-0.1815672032961903,-0.1810037936248621,100.00799989700317,100.00899982452393,100.0,false,0.003112695375301869,0.0005634096713282022,false
EAGO,82_softplus_5_3_5,OPTIMAL,FEASIBLE_POINT,5.121624110978396,5.122136088928041,14.394999980926514,14.396000146865845,14.394999980926514,false,9.996398379719988e-5,0.0005119779496451926,true
EAGO,83_gelu_3_4_5,TIME_LIMIT,UNKNOWN_RESULT_STATUS,-0.19378810170704872,0.47367501341522994,100.01800012588501,100.01900005340576,100.0,false,3.444293582746834,0.6674631151222786,false
EAGO,83_sigmoid_3_4_5,OPTIMAL,FEASIBLE_POINT,3.0727433587396025,3.0729853016974773,0.6170001029968262,0.6180000305175781,0.6170001029968262,false,7.873842024153678e-5,0.00024194295787483,true
EAGO,83_silu_3_4_5,OPTIMAL,FEASIBLE_POINT,0.12700785922215746,0.12710932679749068,35.996999979019165,35.99900007247925,35.996999979019165,false,0.000798907846763531,0.00010146757533321948,true
EAGO,83_softplus_3_4_5,OPTIMAL,FEASIBLE_POINT,5.964569202776239,5.964846351785246,1.2269999980926514,1.2280001640319824,1.2269999980926514,false,4.6465888748100935e-5,0.0002771490090065498,true
EAGO,84_gelu_5_2_2,OPTIMAL,FEASIBLE_POINT,0.14033179700192477,0.14043724365660304,14.15399980545044,14.15499997138977,14.15399980545044,false,0.0007514095659789691,0.00010544665467826508,true
EAGO,84_sigmoid_5_2_2,OPTIMAL,FEASIBLE_POINT,0.8289525023615457,0.8290545407416043,2.5889999866485596,2.5899999141693115,2.5889999866485596,false,0.00012309315644494961,0.0001020383800586222,true
EAGO,84_silu_5_2_2,OPTIMAL,FEASIBLE_POINT,-0.030019554666844195,-0.029910491566293343,2.876999855041504,2.877999782562256,2.876999855041504,false,0.0036463158858197104,0.00010906310055085189,true
EAGO,84_softplus_5_2_2,OPTIMAL,FEASIBLE_POINT,1.1894627986670574,1.1895780332810424,2.2380001544952393,2.239000082015991,2.2380001544952393,false,9.687954437425739e-5,0.00011523461398499357,true
EAGO,85_gelu_2_4_4,TIME_LIMIT,UNKNOWN_RESULT_STATUS,0.13818079121481203,0.1423142594083615,100.0220000743866,100.02300000190735,100.0,false,0.029913478980763023,0.004133468193549483,false
EAGO,85_sigmoid_2_4_4,OPTIMAL,FEASIBLE_POINT,1.6758820938176333,1.6762320281796632,0.07800006866455078,0.07899999618530273,0.07800006866455078,false,0.0002088060749147079,0.00034993436202990225,true
EAGO,85_silu_2_4_4,OPTIMAL,FEASIBLE_POINT,-0.24927051381309825,-0.24916907019497908,1.5439999103546143,1.5450000762939453,1.5439999103546143,false,0.0004071276504736009,0.00010144361811917357,true
EAGO,85_softplus_2_4_4,OPTIMAL,FEASIBLE_POINT,3.1095833503279704,3.10996341856139,0.21900010108947754,0.2200000286102295,0.21900010108947754,false,0.00012222480975772592,0.00038006823341962814,true
EAGO,86_gelu_3_3_3,OPTIMAL,FEASIBLE_POINT,0.1819353892143254,0.18203749986271392,5.398000001907349,5.39900016784668,5.398000001907349,false,0.0005612467636422096,0.0001021106483885259,true
EAGO,86_sigmoid_3_3_3,OPTIMAL,FEASIBLE_POINT,1.6927547346315515,1.6928942588273554,0.16000008583068848,0.16100001335144043,0.16000008583068848,false,8.242434237488943e-5,0.00013952419580398612,true
EAGO,86_silu_3_3_3,OPTIMAL,FEASIBLE_POINT,0.021523146814285195,0.021648826186242035,0.6959998607635498,0.7000000476837158,0.6959998607635498,false,0.005839265653915688,0.0001256793719568404,true
EAGO,86_softplus_3_3_3,OPTIMAL,FEASIBLE_POINT,2.5694604409278634,2.5696761729939213,0.312999963760376,0.315000057220459,0.312999963760376,false,8.396006516447726e-5,0.0002157320660578499,true
EAGO,87_gelu_3_4_5,TIME_LIMIT,UNKNOWN_RESULT_STATUS,-0.31494454602196664,0.6153803636560314,100.07500004768372,100.07599997520447,100.0,false,2.9539324348646128,0.9303249096779981,false
EAGO,87_sigmoid_3_4_5,OPTIMAL,FEASIBLE_POINT,2.6463929364006127,2.646655212482582,3.4659998416900635,3.4679999351501465,3.4659998416900635,false,9.910700650758878e-5,0.0002622760819694925,true
EAGO,87_silu_3_4_5,OPTIMAL,FEASIBLE_POINT,0.02087886694432601,0.020979085510183286,44.742999792099,44.74399995803833,44.742999792099,false,0.004800000216702947,0.00010021856585727684,true
EAGO,87_softplus_3_4_5,OPTIMAL,FEASIBLE_POINT,7.331374991255934,7.331706082945798,1.945000171661377,1.946000099182129,1.945000171661377,false,4.5160926873821226e-5,0.00033109168986467097,true
EAGO,88_gelu_4_4_4,TIME_LIMIT,UNKNOWN_RESULT_STATUS,0.2600070646272937,0.5303246062780831,100.01600003242493,100.01700019836426,100.0,false,1.039654603378855,0.27031754165078936,false
EAGO,88_sigmoid_4_4_4,OPTIMAL,FEASIBLE_POINT,2.267943373225298,2.2681660967399577,3.629999876022339,3.63100004196167,3.629999876022339,false,9.820505983045926e-5,0.00022272351465968399,true
EAGO,88_silu_4_4_4,OPTIMAL,FEASIBLE_POINT,0.33015788770465204,0.33025796947297953,78.81699991226196,78.81799983978271,78.81699991226196,false,0.00030313305256246537,0.00010008176832748683,true
EAGO,88_softplus_4_4_4,OPTIMAL,FEASIBLE_POINT,5.023824957048915,5.024326853863124,5.539999961853027,5.540999889373779,5.539999961853027,false,9.990332435932616e-5,0.0005018968142085356,true
EAGO,89_gelu_3_4_5,TIME_LIMIT,UNKNOWN_RESULT_STATUS,-0.2044696948808652,0.796671880030883,100.31599998474121,100.31699991226196,100.0,false,4.896283410091974,1.001141574911748,false
EAGO,89_sigmoid_3_4_5,OPTIMAL,FEASIBLE_POINT,2.4733800733819,2.4736227432244915,2.486999988555908,2.48799991607666,2.486999988555908,false,9.811263752112496e-5,0.00024266984259169178,true
EAGO,89_silu_3_4_5,OPTIMAL,FEASIBLE_POINT,0.6222700651308432,0.6223762174946555,7.4720001220703125,7.4730000495910645,7.4720001220703125,false,0.000170588896623325,0.00010615236381239512,true
EAGO,89_softplus_3_4_5,OPTIMAL,FEASIBLE_POINT,2.889361307646814,2.8895479550047476,4.127000093460083,4.128000020980835,4.127000093460083,false,6.459813711762268e-5,0.00018664735793372245,true
EAGO,90_gelu_2_2_2,OPTIMAL,FEASIBLE_POINT,0.3329891786642271,0.3330984304740876,0.36500000953674316,0.3660001754760742,0.36500000953674316,false,0.0003280941750081735,0.00010925180986048888,true
EAGO,90_sigmoid_2_2_2,OPTIMAL,FEASIBLE_POINT,1.195165357422822,1.1953631048274018,0.06999993324279785,0.0709998607635498,0.06999993324279785,false,0.00016545610475708088,0.00019774740457978446,true
EAGO,90_silu_2_2_2,OPTIMAL,FEASIBLE_POINT,0.24690897969289077,0.2470215087923282,0.19499993324279785,0.1959998607635498,0.19499993324279785,false,0.0004557513443917514,0.00011252909943743061,true
EAGO,90_softplus_2_2_2,OPTIMAL,FEASIBLE_POINT,1.9312412977266982,1.9313651755860237,0.08599996566772461,0.08700013160705566,0.08599996566772461,false,6.414416441454968e-5,0.00012387785932554962,true
EAGO,91_gelu_4_1_2,OPTIMAL,FEASIBLE_POINT,-0.34017998197505306,-0.34007997690399017,97.35899996757507,97.3600001335144,97.35899996757507,false,0.00029406339053923453,0.00010000507106289191,true
EAGO,91_sigmoid_4_1_2,OPTIMAL,FEASIBLE_POINT,0.43033076430261485,0.43049554317692884,0.10800004005432129,0.11100006103515625,0.10800004005432129,false,0.0003829121410388213,0.00016477887431398663,true
EAGO,91_silu_4_1_2,OPTIMAL,FEASIBLE_POINT,-0.5570291489106058,-0.5569275428221347,0.3539998531341553,0.3559999465942383,0.3539998531341553,false,0.00018244040859646522,0.00010160608847109565,true
EAGO,91_softplus_4_1_2,OPTIMAL,FEASIBLE_POINT,0.4848570409740204,0.4849621854109507,0.13199996948242188,0.13299989700317383,0.13199996948242188,false,0.00021685657429889847,0.00010514443693032671,true
EAGO,92_gelu_2_1_5,OPTIMAL,FEASIBLE_POINT,-0.3820077486103868,-0.3816705489043325,0.21000003814697266,0.2109999656677246,0.21000003814697266,false,0.0008834836929972334,0.00033719970605428085,true
EAGO,92_sigmoid_2_1_5,OPTIMAL,FEASIBLE_POINT,1.7493289560106817,1.7495163559704905,0.06200003623962402,0.06299996376037598,0.06200003623962402,false,0.00010712676947629552,0.000187399959808765,true
EAGO,92_silu_2_1_5,OPTIMAL,FEASIBLE_POINT,-0.5287217205954854,-0.528586924575092,0.1530001163482666,0.15400004386901855,0.1530001163482666,false,0.0002550120219142819,0.00013479602039334626,true
EAGO,92_softplus_2_1_5,OPTIMAL,FEASIBLE_POINT,2.6050055025623173,2.605113377259832,0.08899998664855957,0.08999991416931152,0.08899998664855957,false,4.141054497144574e-5,0.00010787469751472045,true
EAGO,93_gelu_2_1_2,OPTIMAL,FEASIBLE_POINT,-0.12834449798194328,-0.12804779699010138,0.12100005149841309,0.12199997901916504,0.12100005149841309,false,0.0023171112570162643,0.00029670099184189724,true
EAGO,93_sigmoid_2_1_2,OPTIMAL,FEASIBLE_POINT,0.5018079117244787,0.5020797563385876,0.03099989891052246,0.032000064849853516,0.03099989891052246,false,0.00054173042663814,0.00027184461410889593,true
EAGO,93_silu_2_1_2,OPTIMAL,FEASIBLE_POINT,-0.3153269031061795,-0.31514065331819613,0.11299991607666016,0.11399984359741211,0.11299991607666016,false,0.0005910052734304541,0.00018624978798337244,true
EAGO,93_softplus_2_1_2,OPTIMAL,FEASIBLE_POINT,0.6345962669020968,0.6347775347177289,0.06299996376037598,0.06400012969970703,0.06299996376037598,false,0.0002856427386769795,0.00018126781563210237,true
EAGO,94_gelu_2_2_3,OPTIMAL,FEASIBLE_POINT,-0.3256986926569638,-0.3255665061499826,0.4179999828338623,0.41900014877319336,0.4179999828338623,false,0.00040601998204404334,0.00013218650698115786,true
EAGO,94_sigmoid_2_2_3,OPTIMAL,FEASIBLE_POINT,0.9543823813700917,0.9545428818364216,0.06599998474121094,0.06799983978271484,0.06599998474121094,false,0.000168172075954986,0.00016050046632987147,true
EAGO,94_silu_2_2_3,OPTIMAL,FEASIBLE_POINT,-0.4379257029385048,-0.4377298173247438,0.14499998092651367,0.14599990844726562,0.14499998092651367,false,0.00044750347362256394,0.00019588561376099323,true
EAGO,94_softplus_2_2_3,OPTIMAL,FEASIBLE_POINT,0.9295893612379784,0.9297765576485291,0.10100007057189941,0.10199999809265137,0.10100007057189941,false,0.0002013753796637165,0.00018719641055064962,true
EAGO,95_gelu_3_1_2,OPTIMAL,FEASIBLE_POINT,-0.33945843716066537,-0.3393273128476144,0.1979999542236328,0.19900012016296387,0.1979999542236328,false,0.00038642428147197806,0.0001311243130509565,true
EAGO,95_sigmoid_3_1_2,OPTIMAL,FEASIBLE_POINT,0.6165594016163337,0.6167201352541043,0.1660001277923584,0.1679999828338623,0.1660001277923584,false,0.00026069448839676,0.00016073363777058258,true
EAGO,95_silu_3_1_2,OPTIMAL,FEASIBLE_POINT,-0.4887452811015596,-0.48863261622704446,0.19700002670288086,0.1979999542236328,0.19700002670288086,false,0.00023057174403359314,0.00011266487451516705,true
EAGO,95_softplus_3_1_2,OPTIMAL,FEASIBLE_POINT,0.747988522055443,0.748136080270473,0.1770000457763672,0.17800021171569824,0.1770000457763672,false,0.00019727336807856587,0.0001475582150299859,true
EAGO,96_gelu_3_1_2,OPTIMAL,FEASIBLE_POINT,-0.3402135304014903,-0.3400799729152293,0.36299991607666016,0.3640000820159912,0.36299991607666016,false,0.0003927237617556776,0.0001335574862610378,true
EAGO,96_sigmoid_3_1_2,OPTIMAL,FEASIBLE_POINT,0.48585919611210027,0.48596036377349344,0.07500004768371582,0.07599997520446777,0.07500004768371582,false,0.00020822423904441972,0.00010116766139317557,true
EAGO,96_silu_3_1_2,OPTIMAL,FEASIBLE_POINT,-0.5359511899325656,-0.535791550727521,0.1529998779296875,0.15399980545043945,0.1529998779296875,false,0.0002979502099796396,0.00015963920504458162,true
EAGO,96_softplus_3_1_2,OPTIMAL,FEASIBLE_POINT,0.5607679639568328,0.5608800394737096,0.08699989318847656,0.08899998664855957,0.08699989318847656,false,0.00019986076965940996,0.00011207551687675288,true
EAGO,97_gelu_5_1_5,OPTIMAL,FEASIBLE_POINT,0.0680563415225229,0.06816318201421971,1.125999927520752,1.126999855041504,1.125999927520752,false,0.00156988297205848,0.0001068404916968052,true
EAGO,97_sigmoid_5_1_5,OPTIMAL,FEASIBLE_POINT,2.101421111803584,2.101594847042568,0.5570001602172852,0.5590000152587891,0.5570001602172852,false,8.267511828460073e-5,0.00017373523898411847,true
EAGO,97_silu_5_1_5,OPTIMAL,FEASIBLE_POINT,-0.12037374878718204,-0.12027026655581188,0.8640000820159912,0.8650000095367432,0.8640000820159912,false,0.0008604140851566149,0.0001034822313701611,true
EAGO,97_softplus_5_1_5,OPTIMAL,FEASIBLE_POINT,3.073037815680764,3.0732832867801543,0.35900020599365234,0.3600001335144043,0.35900020599365234,false,7.987897126994405e-5,0.0002454710993902154,true
EAGO,98_gelu_2_4_2,OPTIMAL,FEASIBLE_POINT,0.4832011545320041,0.4834691306521664,0.24699997901916504,0.24899983406066895,0.24699997901916504,false,0.0005545850163000359,0.00026797612016232764,true
EAGO,98_sigmoid_2_4_2,OPTIMAL,FEASIBLE_POINT,1.2288785693223725,1.228926102674398,0.012000083923339844,0.013000011444091797,0.012000083923339844,false,3.868026769461418e-5,4.753335202556386e-5,true
EAGO,98_silu_2_4_2,OPTIMAL,FEASIBLE_POINT,0.44523643726147827,0.4453416196694878,0.10000014305114746,0.10100007057189941,0.10000014305114746,false,0.00023623944315182037,0.00010518240800955203,true
EAGO,98_softplus_2_4_2,OPTIMAL,FEASIBLE_POINT,1.94826279971206,1.9485584777686085,0.0690000057220459,0.06999993324279785,0.0690000057220459,false,0.00015176497574767516,0.0002956780565483985,true
EAGO,99_gelu_5_3_4,TIME_LIMIT,UNKNOWN_RESULT_STATUS,-0.6801626258348491,-0.6135753770004656,100.00399994850159,100.00500011444092,100.0,false,0.10852333931635748,0.0665872488343835,false
EAGO,99_sigmoid_5_3_4,OPTIMAL,FEASIBLE_POINT,1.3550883775087579,1.3552221877769357,5.865000009536743,5.865999937057495,5.865000009536743,false,9.874652487524597e-5,0.00013381026817782526,true
EAGO,99_silu_5_3_4,TIME_LIMIT,UNKNOWN_RESULT_STATUS,-0.7481218774771109,-0.7414667207218848,100.00399994850159,100.00499987602234,100.0,false,0.008975664813043401,0.006655156755226099,false
EAGO,99_softplus_5_3_4,TIME_LIMIT,UNKNOWN_RESULT_STATUS,1.3246433773465776,1.3336695043058566,100.00399994850159,100.00499987602234,100.0,false,0.0068140052739020995,0.009026126959279068,false
